duration,num_updates,action_loss,eval_avg_reward,eval_avg_ep_len,eval_d4rl_score
0:00:10,300,0.959225207567215,12.866862356311128,104.0,6.433431178155563
0:00:15,600,0.9521278627713521,12.611197603126573,104.0,6.305598801563287
0:00:20,900,0.9361409896612167,14.400078924100523,104.0,7.2000394620502615
0:00:25,1200,0.9157828716437022,12.737380957309858,104.0,6.368690478654929
0:00:28,1500,0.8895605891942978,12.756119186705984,104.0,6.378059593352992
0:00:33,1800,0.8623647381862004,16.294196987448185,104.0,8.147098493724092
0:00:38,2100,0.8316644660631816,14.477459751538992,104.0,7.238729875769496
0:00:44,2400,0.7993326679865519,9.138494548427593,104.0,4.569247274213796
0:00:48,2700,0.7699789208173752,1.4627462064151928,104.0,0.7313731032075964
0:00:53,3000,0.7394602944453558,-1.2841816257827987,104.0,-0.6420908128913994
0:00:57,3300,0.712933709025383,-7.067554312926257,104.0,-3.5337771564631284
0:01:02,3600,0.6858384170134862,-9.322548776557152,104.0,-4.661274388278576
0:01:07,3900,0.6614461753765742,-1.7553962082051384,104.0,-0.8776981041025693
0:01:12,4200,0.6343888620535533,-1.7957464221856185,104.0,-0.8978732110928093
0:01:17,4500,0.608233413696289,2.8430280534243595,104.0,1.4215140267121797
0:01:22,4800,0.5813790177305539,5.028248104992429,104.0,2.5141240524962143
0:01:27,5100,0.5521291361252467,10.271543071063423,104.0,5.1357715355317115
0:01:33,5400,0.5267335696021715,11.718735047500378,104.0,5.859367523750189
0:01:38,5700,0.5020444277922312,15.658318095786877,104.0,7.829159047893438
0:01:43,6000,0.47721654266119,19.447117861037544,104.0,9.723558930518772
0:01:47,6300,0.4588316688934962,24.56168678396193,104.0,12.280843391980966
0:01:50,6600,0.437668642004331,22.965515967147507,104.0,11.482757983573753
0:01:53,6900,0.42223768333594003,16.284329711429145,104.0,8.142164855714572
0:01:57,7200,0.4063805099328359,25.459474733720242,104.0,12.729737366860123
0:02:02,7500,0.3926955607533455,20.129818251538484,104.0,10.064909125769242
0:02:07,7800,0.3814152866601944,20.381467666545905,104.0,10.190733833272953
0:02:12,8100,0.3691481250524521,25.14008913230059,104.0,12.570044566150296
0:02:17,8400,0.36026127805312474,21.817124909830294,104.0,10.908562454915147
0:02:21,8700,0.3506823918223381,24.445390000498357,104.0,12.222695000249178
0:02:26,9000,0.34316821401317915,25.161816115397528,104.0,12.580908057698764
0:02:31,9300,0.3372650404771169,20.856552044206307,104.0,10.428276022103153
0:02:35,9600,0.32930872614185014,22.961313724728416,104.0,11.480656862364208
0:02:39,9900,0.3234672291080157,24.433896575911454,104.0,12.216948287955727
0:02:43,10200,0.3182837689916293,24.017350115367343,104.0,12.008675057683671
0:02:49,10500,0.31312932024399437,30.910102149559577,104.0,15.455051074779789
0:02:53,10800,0.3099073874950409,24.392958334128956,104.0,12.196479167064478
0:02:58,11100,0.30609981323281926,25.37327560526567,104.0,12.686637802632832
0:03:02,11400,0.3014433468878269,32.34117198922603,104.0,16.170585994613013
0:03:07,11700,0.29957806671659154,32.5524219173246,104.0,16.2762109586623
0:03:11,12000,0.29510235314567884,34.470183823685396,104.0,17.235091911842698
0:03:15,12300,0.2933583775162697,37.87582463884868,104.0,18.93791231942434
0:03:20,12600,0.29052713120977086,10.70608449280669,104.0,5.353042246403345
0:03:24,12900,0.2880959419409434,19.716015207668228,104.0,9.858007603834114
0:03:29,13200,0.28618045841654144,19.646546460708578,104.0,9.823273230354289
0:03:35,13500,0.28399875670671465,22.330836579238223,104.0,11.165418289619112
0:03:40,13800,0.2827425250907739,22.53261099660856,104.0,11.26630549830428
0:03:45,14100,0.27961711699763936,21.592569392538316,104.0,10.796284696269158
0:03:50,14400,0.27800414035717647,29.510174103615622,104.0,14.755087051807811
0:03:55,14700,0.2769349358975887,40.450447674636436,104.0,20.225223837318218
0:03:58,15000,0.27498132278521853,37.27162572146809,104.0,18.635812860734045
0:04:03,15300,0.27354450583457945,13.938299621620729,104.0,6.969149810810364
0:04:06,15600,0.27176785896221795,20.34346144381011,104.0,10.171730721905055
0:04:10,15900,0.2714519295593103,34.42430398368125,104.0,17.212151991840624
0:04:15,16200,0.2691546649237474,33.371765896376736,104.0,16.685882948188368
0:04:18,16500,0.26758449132243795,42.454648605613805,104.0,21.227324302806903
0:04:22,16800,0.2686397837599119,41.929043624840894,104.0,20.964521812420447
0:04:26,17100,0.26501760482788084,32.174870153113396,104.0,16.087435076556698
0:04:31,17400,0.2633683439095815,41.487478988161605,104.0,20.743739494080803
0:04:36,17700,0.26401493440071744,38.72632560191263,104.0,19.363162800956314
0:04:41,18000,0.2618662499388059,40.326454990048845,104.0,20.163227495024422
0:04:46,18300,0.26102162192265194,40.131101496639396,104.0,20.065550748319698
0:04:52,18600,0.26069733381271365,42.96768919003713,104.0,21.483844595018564
0:04:56,18900,0.2583292903006077,37.881548590897225,104.0,18.940774295448612
0:05:01,19200,0.25865449162820975,36.5185764485381,104.0,18.25928822426905
0:05:06,19500,0.25738443528612454,35.81321747157115,104.0,17.906608735785575
0:05:09,19800,0.25500851482152936,32.12283127780851,104.0,16.061415638904254
0:05:13,20100,0.2560295638193687,36.50703238639043,104.0,18.253516193195214
0:05:18,20400,0.25415443882346156,38.09585301237396,104.0,19.04792650618698
0:05:23,20700,0.25435252373417216,40.10166506624675,104.0,20.050832533123376
0:05:28,21000,0.2529547397295634,39.42107815348908,104.0,19.71053907674454
0:05:33,21300,0.250465139100949,33.813123895709055,104.0,16.906561947854527
0:05:38,21600,0.2502040702104569,29.774175893036055,104.0,14.887087946518026
0:05:43,21900,0.25026482954621315,34.5408054286543,104.0,17.27040271432715
0:05:48,22200,0.24812727734446527,32.94260081979199,104.0,16.471300409895996
0:05:53,22500,0.2481233587861061,33.72328486551207,104.0,16.861642432756035
0:05:58,22800,0.24696921437978744,34.41265448515723,104.0,17.206327242578617
0:06:01,23100,0.2468796603878339,37.42110144377318,104.0,18.71055072188659
0:06:05,23400,0.2463783689836661,31.8904389979911,104.0,15.94521949899555
0:06:08,23700,0.24620577350258827,35.78920458996887,104.0,17.894602294984434
0:06:12,24000,0.24502500290671983,23.776559280681703,104.0,11.888279640340851
0:06:16,24300,0.24525591733555,24.7017032254882,104.0,12.3508516127441
0:06:19,24600,0.24337639428675176,26.458521726401273,104.0,13.229260863200636
0:06:23,24900,0.24276917574306328,33.45349955962733,104.0,16.726749779813666
0:06:26,25200,0.24255021455387274,28.50191320900408,104.0,14.25095660450204
0:06:29,25500,0.24038427797456582,27.663713715941515,104.0,13.83185685797076
0:06:33,25800,0.24156768329441547,30.53205111307267,104.0,15.266025556536334
0:06:39,26100,0.24047079414129258,30.853530710336734,104.0,15.426765355168367
0:06:44,26400,0.24095735942324004,32.877623373223514,104.0,16.438811686611757
0:06:48,26700,0.23990425035357477,27.4848509365929,104.0,13.74242546829645
0:06:53,27000,0.238601036965847,33.65301669700566,104.0,16.82650834850283
0:06:58,27300,0.23765571462611357,35.69054978455297,104.0,17.845274892276485
0:07:02,27600,0.23809657459457714,29.23128349683882,104.0,14.615641748419412
0:07:07,27900,0.23843446403741836,32.15265679471379,104.0,16.076328397356896
0:07:10,28200,0.23599815145134925,30.02172562923006,104.0,15.010862814615027
0:07:13,28500,0.23610475644469262,29.009178790817042,104.0,14.504589395408521
0:07:18,28800,0.23697625120480856,28.358546585870954,104.0,14.179273292935477
0:07:23,29100,0.2353211759775877,30.493751533415843,104.0,15.246875766707921
0:07:28,29400,0.23460958381493888,32.34632289284757,104.0,16.173161446423784
0:07:32,29700,0.2344871009886265,29.435424653352776,104.0,14.717712326676388
0:07:37,30000,0.23448024928569794,27.21455887309339,104.0,13.607279436546696
0:07:41,30300,0.23276550295452278,26.916146273905337,104.0,13.45807313695267
0:07:46,30600,0.23242936591307323,28.77099028220524,104.0,14.38549514110262
0:07:49,30900,0.23316664618750413,23.96705367799682,104.0,11.98352683899841
0:07:53,31200,0.23180073680977026,23.576022497596433,104.0,11.788011248798217
0:07:58,31500,0.23146827901403108,23.13212199561756,104.0,11.56606099780878
0:08:03,31800,0.23189498908817768,24.40969112262794,104.0,12.20484556131397
0:08:06,32100,0.2314187104254961,21.52194889859792,104.0,10.76097444929896
0:08:11,32400,0.22943158246576786,22.96828746456008,104.0,11.48414373228004
0:08:16,32700,0.23059428818523883,26.359513681747934,104.0,13.179756840873969
0:08:21,33000,0.23005276600519817,25.58051228088548,104.0,12.790256140442741
0:08:26,33300,0.22914721935987473,26.964865166830748,104.0,13.482432583415374
0:08:31,33600,0.22848244493206343,26.013716884655867,104.0,13.006858442327934
0:08:36,33900,0.22871490066250166,23.531246971572035,104.0,11.765623485786017
0:08:41,34200,0.22740857462088268,21.137078124099684,104.0,10.568539062049842
0:08:44,34500,0.22819373562932013,25.78018808400784,104.0,12.89009404200392
0:08:48,34800,0.22757273614406587,25.05561217278778,104.0,12.52780608639389
0:08:53,35100,0.22712428552409014,23.521331244105262,104.0,11.760665622052631
0:08:58,35400,0.22567085285981497,23.986377178652823,104.0,11.993188589326412
0:09:04,35700,0.22764942641059557,24.32520847270415,104.0,12.162604236352076
0:09:07,36000,0.2274394555638234,28.36854699295153,104.0,14.184273496475763
0:09:12,36300,0.22591735524435838,21.73297949474979,104.0,10.866489747374896
0:09:16,36600,0.22591063926617305,23.378269086701767,104.0,11.689134543350884
0:09:19,36900,0.22530606138209502,22.979300205855406,104.0,11.489650102927703
0:09:23,37200,0.22399049622317155,23.433863610542254,104.0,11.716931805271127
0:09:29,37500,0.2244834597160419,28.3323236872954,104.0,14.166161843647702
0:09:32,37800,0.223032518128554,22.945565507046375,104.0,11.472782753523187
0:09:37,38100,0.22454056446750958,25.340994034749134,104.0,12.670497017374565
0:09:42,38400,0.2233384117980798,23.826620021040924,104.0,11.913310010520462
0:09:47,38700,0.2222039809077978,25.687482688842067,104.0,12.843741344421034
0:09:50,39000,0.22298211495081582,27.41230323271127,104.0,13.706151616355635
0:09:55,39300,0.2231485613187154,24.964849435367434,104.0,12.482424717683717
0:09:58,39600,0.2212330271055301,23.99270244847103,104.0,11.996351224235514
0:10:03,39900,0.2225392174969117,25.691495384336577,104.0,12.845747692168288
0:10:08,40200,0.22235636544724305,21.5893987488256,104.0,10.7946993744128
0:10:14,40500,0.2208177080998818,22.2617031262135,104.0,11.13085156310675
0:10:19,40800,0.22086509103576343,26.977503652730697,104.0,13.488751826365347
0:10:24,41100,0.21957659085591635,24.513189551316895,104.0,12.256594775658447
0:10:29,41400,0.22098049255708854,24.469503746555915,104.0,12.234751873277958
0:10:35,41700,0.22068872508903345,30.048421913277046,104.0,15.024210956638523
0:10:39,42000,0.21857874458034834,23.91228994174751,104.0,11.956144970873755
0:10:45,42300,0.220003425826629,20.611769010974445,104.0,10.305884505487223
0:10:50,42600,0.22036635667085647,27.513041117622514,104.0,13.756520558811259
0:10:55,42900,0.21936529621481896,19.883273239474363,104.0,9.941636619737181
0:11:00,43200,0.21812032230198383,21.20495094520828,104.0,10.60247547260414
0:11:03,43500,0.21799845213691393,18.447344445333375,104.0,9.223672222666687
0:11:06,43800,0.2177650536596775,18.210215245832114,104.0,9.105107622916057
0:11:11,44100,0.2179835084080696,21.01415292826142,104.0,10.50707646413071
0:11:15,44400,0.21722072991232078,24.886183433249563,104.0,12.443091716624782
0:11:19,44700,0.21795826171835264,19.30968640913061,104.0,9.654843204565305
0:11:25,45000,0.21738401167094706,22.76599721404508,104.0,11.38299860702254
0:11:29,45300,0.21755856404701868,23.628050243213544,104.0,11.814025121606772
0:11:34,45600,0.2167922309289376,24.89862873675502,104.0,12.44931436837751
0:11:37,45900,0.2159856223066648,24.59074046733607,104.0,12.295370233668034
0:11:41,46200,0.21648369779189428,25.115106795473775,104.0,12.557553397736887
0:11:45,46500,0.2161292655269305,28.772053989835218,104.0,14.386026994917609
0:11:49,46800,0.21586653505762418,21.32929611960044,104.0,10.66464805980022
0:11:54,47100,0.21487557681898276,21.1479650969074,104.0,10.5739825484537
0:11:57,47400,0.21522534735500812,30.365811225638573,104.0,15.182905612819287
0:12:02,47700,0.21508107955257097,29.412355872128465,104.0,14.706177936064233
0:12:07,48000,0.2138543057690064,28.053470221909766,104.0,14.026735110954883
0:12:12,48300,0.21337056135137875,24.643709935565948,104.0,12.321854967782974
0:12:15,48600,0.21512612303098042,34.829945388042596,104.0,17.414972694021298
0:12:20,48900,0.21321678494413693,28.956508879466888,104.0,14.478254439733442
0:12:24,49200,0.21320259556174279,29.759817061773095,104.0,14.87990853088655
0:12:29,49500,0.2127257139235735,26.9036795106043,104.0,13.45183975530215
0:12:34,49800,0.21184641333917778,29.393701537989568,104.0,14.696850768994786
0:12:38,50100,0.21372241941591105,24.983346521091686,104.0,12.491673260545843
0:12:42,50400,0.2127445638179779,24.443153610063472,104.0,12.221576805031736
0:12:46,50700,0.21157788140078385,23.51161074627936,104.0,11.75580537313968
0:12:49,51000,0.21295462208489577,25.19072984092578,104.0,12.59536492046289
0:12:53,51300,0.21262155587474504,24.141944944973364,104.0,12.070972472486682
0:12:57,51600,0.2109932136287292,22.83569209453708,104.0,11.41784604726854
0:13:00,51900,0.2116631515075763,23.61909626769168,104.0,11.80954813384584
0:13:04,52200,0.21087595658997696,37.47267649119992,104.0,18.73633824559996
0:13:09,52500,0.2119749133537213,30.38834695940317,104.0,15.194173479701584
0:13:14,52800,0.20991398878395556,27.46934457783385,104.0,13.734672288916927
0:13:17,53100,0.210071640436848,28.924266856175734,104.0,14.462133428087867
0:13:21,53400,0.21070086720089118,25.600630251456664,104.0,12.800315125728332
0:13:26,53700,0.2109423720339934,28.066823916784653,104.0,14.033411958392328
0:13:31,54000,0.21010394307474295,27.79402440290437,104.0,13.897012201452185
0:13:36,54300,0.21052153470615545,21.076637694592044,104.0,10.538318847296022
0:13:41,54600,0.209909819389383,22.358526858864547,104.0,11.179263429432273
0:13:47,54900,0.20904538939396541,28.063701288977484,104.0,14.031850644488742
0:13:52,55200,0.20793230349818864,25.475033383335756,104.0,12.737516691667878
0:13:57,55500,0.20806217864155768,26.76844668354439,104.0,13.384223341772195
0:14:01,55800,0.20745798982679844,26.391364796998516,104.0,13.195682398499258
0:14:05,56100,0.209233866011103,28.88084291929125,104.0,14.440421459645625
0:14:08,56400,0.20782499534388382,28.259213844694536,104.0,14.129606922347268
0:14:11,56700,0.20835953811804453,27.265103560760984,104.0,13.632551780380492
0:14:15,57000,0.20753747242192427,20.61498611683468,104.0,10.30749305841734
0:14:18,57300,0.20921149055163066,22.651956677006126,104.0,11.325978338503063
0:14:23,57600,0.20725195196767648,21.668158731352186,104.0,10.834079365676093
0:14:27,57900,0.20798164792358875,26.230803138113593,104.0,13.115401569056798
0:14:30,58200,0.20695069886744022,29.51766354302267,104.0,14.758831771511336
0:14:33,58500,0.20663681805133818,28.62707651728879,104.0,14.313538258644396
0:14:37,58800,0.20788449441393217,24.09697887220484,104.0,12.04848943610242
0:14:42,59100,0.20688581123948097,22.464717001037684,104.0,11.232358500518842
0:14:47,59400,0.2065100662410259,20.624416856393633,104.0,10.312208428196817
0:14:51,59700,0.20699061597386995,20.46358682041291,104.0,10.231793410206455
0:14:55,60000,0.20612164025505383,15.393949321011576,104.0,7.696974660505789
0:15:01,60300,0.2054498616605997,22.37703656607571,104.0,11.188518283037855
0:15:05,60600,0.20636851395169895,21.327343169610106,104.0,10.663671584805053
0:15:08,60900,0.20604334312180678,22.246971292975864,104.0,11.123485646487932
0:15:11,61200,0.20513818549613158,23.442060090606084,104.0,11.721030045303042
0:15:14,61500,0.20487536768118542,21.863220483999793,104.0,10.931610241999897
0:15:18,61800,0.20589914011458557,16.65793035699661,104.0,8.328965178498304
0:15:21,62100,0.20506492761274178,20.812804097945012,104.0,10.406402048972506
0:15:26,62400,0.20609118265410264,21.362165988296965,104.0,10.681082994148483
0:15:29,62700,0.20509258471429348,21.563759695137026,104.0,10.781879847568513
0:15:33,63000,0.20433767194549243,20.609114288027058,104.0,10.304557144013529
0:15:38,63300,0.20444691936175027,23.989736081635943,104.0,11.994868040817972
0:15:42,63600,0.20311933467785517,22.04384809970311,104.0,11.021924049851554
0:15:47,63900,0.20452525677780312,22.37933564612955,104.0,11.189667823064775
0:15:51,64200,0.20419399902224541,17.745247852233057,104.0,8.872623926116528
0:15:57,64500,0.2027564560621977,19.543392895832323,104.0,9.771696447916161
0:16:00,64800,0.2031972319384416,24.319647319354193,104.0,12.159823659677096
0:16:03,65100,0.20225090131163598,19.128986105800628,104.0,9.564493052900314
0:16:06,65400,0.2024243804315726,19.278831947764264,104.0,9.639415973882132
0:16:10,65700,0.20272255251804988,17.55281966707222,104.0,8.77640983353611
0:16:14,66000,0.20371342519919078,19.708235701215948,104.0,9.854117850607974
0:16:19,66300,0.2022690310080846,19.480494177628565,104.0,9.740247088814282
0:16:22,66600,0.20376285408933958,13.354739959164817,104.0,6.6773699795824095
0:16:26,66900,0.2019113008429607,15.970263778212939,104.0,7.98513188910647
0:16:30,67200,0.20249643897016842,16.639405509840365,104.0,8.319702754920183
0:16:35,67500,0.20215022494395574,19.404711530762654,104.0,9.702355765381327
0:16:40,67800,0.20321004005769888,16.52474167093062,104.0,8.26237083546531
0:16:45,68100,0.20107728913426398,19.259621342348318,104.0,9.629810671174159
0:16:50,68400,0.20106088774899641,17.28808789330833,104.0,8.644043946654165
0:16:55,68700,0.20155985263486703,15.707508009257571,104.0,7.853754004628785
0:17:01,69000,0.20010607746740183,14.364622417276928,104.0,7.182311208638464
0:17:06,69300,0.2016122622291247,15.761787718026506,104.0,7.880893859013254
0:17:11,69600,0.2009746573617061,18.97481141832326,104.0,9.48740570916163
0:17:16,69900,0.2013763719300429,17.936796026465778,104.0,8.968398013232889
0:17:21,70200,0.19990947065254053,10.585652289161839,104.0,5.2928261445809195
0:17:26,70500,0.20165590055286883,14.177225753119604,104.0,7.088612876559802
0:17:30,70800,0.19997368648648262,14.54649411530462,104.0,7.27324705765231
0:17:36,71100,0.20126188578704993,11.633343243017885,104.0,5.8166716215089425
0:17:41,71400,0.19962295554578305,16.06507290666491,104.0,8.032536453332455
0:17:46,71700,0.20007325147589047,12.048715900789977,104.0,6.024357950394989
0:17:50,72000,0.2010076254606247,13.205370361069061,104.0,6.602685180534531
0:17:54,72300,0.20040104625125726,14.522712363557753,104.0,7.261356181778876
0:17:59,72600,0.19906597656508287,15.53212762211989,104.0,7.766063811059945
0:18:04,72900,0.19983690150082112,13.201599775038892,104.0,6.600799887519446
0:18:09,73200,0.19921773021419842,11.261351851972336,104.0,5.630675925986168
0:18:14,73500,0.1999773532152176,19.86171613892636,104.0,9.93085806946318
0:18:17,73800,0.19971429206430913,14.196504487163486,104.0,7.098252243581743
0:18:22,74100,0.198804030418396,17.82380936083183,104.0,8.911904680415915
0:18:27,74400,0.1973276260495186,18.762700356089272,104.0,9.381350178044636
0:18:31,74700,0.2004295941690604,19.646740118324043,104.0,9.823370059162022
0:18:35,75000,0.19854603320360184,12.554353041444221,104.0,6.277176520722111
0:18:40,75300,0.19837592494984468,17.345624837550293,104.0,8.672812418775147
0:18:44,75600,0.1984696912765503,13.86147085946941,104.0,6.930735429734705
0:18:49,75900,0.19857217349112033,9.064020550359533,104.0,4.532010275179767
0:18:53,76200,0.19809304987390836,7.768952190364871,104.0,3.8844760951824355
0:18:57,76500,0.19864459176858265,11.318726517575737,104.0,5.659363258787868
0:19:01,76800,0.19827471571664015,12.439215116892104,104.0,6.219607558446052
0:19:05,77100,0.1984496648857991,9.892645005594067,104.0,4.946322502797034
0:19:08,77400,0.19703709450860818,14.204361753460637,104.0,7.102180876730318
0:19:13,77700,0.19755464293062686,11.367479313369733,104.0,5.683739656684867
0:19:17,78000,0.19850374033053717,18.896914425598744,104.0,9.448457212799372
0:19:21,78300,0.196648162206014,13.327566893161418,104.0,6.66378344658071
0:19:25,78600,0.1961137096087138,20.204840887173578,104.0,10.102420443586789
0:19:28,78900,0.19768056102097034,19.558261552735793,104.0,9.779130776367897
0:19:32,79200,0.19638879381120206,9.925958006169026,104.0,4.962979003084513
0:19:37,79500,0.1953979477286339,17.225303782859907,104.0,8.612651891429953
0:19:41,79800,0.1967853108793497,14.416218563019925,104.0,7.208109281509962
0:19:46,80100,0.1959749801456928,10.164162525333428,104.0,5.082081262666714
0:19:51,80400,0.1958244803796212,11.336765001124878,104.0,5.668382500562439
0:19:55,80700,0.19689013602832953,8.69643018481571,104.0,4.348215092407855
0:19:59,81000,0.1963821958998839,9.691381290347612,104.0,4.845690645173806
0:20:02,81300,0.19511289897064368,10.761540384104046,104.0,5.380770192052023
0:20:06,81600,0.19621512398123742,11.617161513832684,104.0,5.808580756916342
0:20:10,81900,0.19546395979821682,10.437632338737421,104.0,5.2188161693687105
0:20:14,82200,0.19553388471404712,12.969303545771094,104.0,6.484651772885547
0:20:18,82500,0.19568904414772986,9.27794790954996,104.0,4.63897395477498
0:20:22,82800,0.19570944095651308,13.185113108169343,104.0,6.592556554084672
0:20:25,83100,0.19525711707770824,14.071580519000316,104.0,7.035790259500158
0:20:29,83400,0.19518266916275023,8.769745101032413,104.0,4.3848725505162065
0:20:33,83700,0.1946239921202262,10.031238194212097,104.0,5.015619097106049
0:20:36,84000,0.19567701518535613,12.243552501659508,104.0,6.121776250829754
0:20:41,84300,0.19548923820257186,9.299380252682386,104.0,4.649690126341193
0:20:45,84600,0.195154632627964,19.365739227742175,104.0,9.682869613871087
0:20:49,84900,0.19476049467921258,20.726467712472083,104.0,10.363233856236041
0:20:54,85200,0.19449407393733661,18.46424435145683,104.0,9.232122175728415
0:20:59,85500,0.19351450408498447,12.909965892058676,104.0,6.454982946029338
0:21:04,85800,0.19452275933076937,18.652120532749688,104.0,9.326060266374844
0:21:09,86100,0.19438629339138666,21.205247406725835,104.0,10.602623703362918
0:21:14,86400,0.19347554591794808,16.21995873475337,104.0,8.109979367376685
0:21:19,86700,0.1944629190117121,21.64900214873968,104.0,10.82450107436984
0:21:22,87000,0.19297784154613812,15.140331060091535,104.0,7.5701655300457675
0:21:27,87300,0.1943053908397754,19.259447372183423,104.0,9.629723686091712
0:21:30,87600,0.19475519304474195,17.060430070717565,104.0,8.530215035358783
0:21:34,87900,0.19375350661575794,15.088667507184834,104.0,7.544333753592417
0:21:38,88200,0.1952131943653027,9.06656857145083,104.0,4.533284285725415
0:21:43,88500,0.1934820324679216,12.697180524777696,104.0,6.348590262388848
0:21:46,88800,0.19207832952340445,9.8100038261343,104.0,4.90500191306715
0:21:50,89100,0.19249364589651427,12.387241277014857,104.0,6.193620638507428
0:21:54,89400,0.19306179744501908,13.816733799224107,104.0,6.908366899612053
0:21:57,89700,0.19305050743122895,14.444713820592835,104.0,7.222356910296418
0:22:01,90000,0.19316440728803475,11.170622695458452,104.0,5.585311347729226
0:22:06,90300,0.19283422388136387,15.21085878449892,104.0,7.605429392249459
0:22:11,90600,0.1935303428520759,13.476027229352884,104.0,6.738013614676442
0:22:14,90900,0.1922071685642004,10.544864544350958,104.0,5.272432272175479
0:22:18,91200,0.19203139004607994,9.808671859944798,104.0,4.904335929972399
0:22:21,91500,0.1935914534330368,12.635562020109727,104.0,6.317781010054864
0:22:26,91800,0.19182599075138568,10.478200166656256,104.0,5.239100083328128
0:22:30,92100,0.19269478070239227,11.369228682162781,104.0,5.6846143410813905
0:22:33,92400,0.19299418444434802,11.731238307160016,104.0,5.865619153580008
0:22:36,92700,0.1914072585850954,15.495513769439901,104.0,7.7477568847199505
0:22:40,93000,0.19163572266697884,15.510633777758699,104.0,7.755316888879349
0:22:45,93300,0.1916842815031608,15.759485648374016,104.0,7.879742824187009
0:22:50,93600,0.19183344108362993,15.665879644945482,104.0,7.832939822472741
0:22:55,93900,0.19132141249875229,14.21552035165322,104.0,7.107760175826611
0:22:59,94200,0.19166437268257142,14.11654135282755,104.0,7.058270676413775
0:23:04,94500,0.1914043601602316,17.177925481669252,104.0,8.588962740834626
0:23:09,94800,0.19145379158357778,7.589073028865721,104.0,3.7945365144328607
0:23:14,95100,0.19116264633834362,6.8172198745350325,104.0,3.4086099372675163
0:23:19,95400,0.19071649588644504,10.943921975676824,104.0,5.471960987838412
0:23:24,95700,0.19039515872796375,10.727042566359398,104.0,5.363521283179699
0:23:27,96000,0.19033762862284978,13.464242163967583,104.0,6.7321210819837916
0:23:30,96300,0.19209182863434157,11.16156066142122,104.0,5.58078033071061
0:23:33,96600,0.18969280071556568,8.88436336783467,104.0,4.442181683917335
0:23:38,96900,0.19217683926224707,9.899257009029634,104.0,4.949628504514817
0:23:43,97200,0.19058185593535504,14.470981412028982,104.0,7.235490706014492
0:23:46,97500,0.19056390397250653,9.610470425724724,104.0,4.805235212862362
0:23:50,97800,0.1907139809926351,14.974830160319561,104.0,7.4874150801597805
0:23:53,98100,0.19065196062127748,14.44427883821471,104.0,7.222139419107355
0:23:57,98400,0.1912819809963306,14.151670356562216,104.0,7.075835178281108
0:24:02,98700,0.18996419404943785,12.274177067242102,104.0,6.137088533621051
0:24:07,99000,0.19104231670498847,15.870209707989385,104.0,7.935104853994693
0:24:12,99300,0.19030418286720913,11.818437256815958,104.0,5.909218628407979
0:24:17,99600,0.18935100562870502,14.123466705093222,104.0,7.061733352546611
0:24:22,99900,0.18930423905452093,8.744565572238628,104.0,4.372282786119314
0:24:27,100200,0.19147671478490036,7.558522619486166,104.0,3.779261309743083
0:24:32,100500,0.1899780535697937,9.488929608216484,104.0,4.744464804108242
0:24:35,100800,0.19018409612278145,12.346415932860225,104.0,6.1732079664301125
0:24:40,101100,0.1887532038986683,12.71915114519776,104.0,6.35957557259888
0:24:43,101400,0.19018451193968455,7.224052728543711,104.0,3.612026364271856
0:24:47,101700,0.1901733347773552,7.32198050978568,104.0,3.66099025489284
0:24:50,102000,0.18948661252856255,7.8603760639037095,104.0,3.9301880319518547
0:24:54,102300,0.1888906273866693,7.7286292529192,104.0,3.8643146264596
0:24:59,102600,0.18893304345508416,9.416953950017,104.0,4.7084769750085
0:25:03,102900,0.1895276332894961,6.870883925512908,104.0,3.435441962756454
0:25:08,103200,0.18933709258834522,11.835131551789164,104.0,5.917565775894582
0:25:11,103500,0.1878904059777657,2.9831130356180777,104.0,1.4915565178090389
0:25:16,103800,0.18887741826474666,7.618125484271263,104.0,3.809062742135631
0:25:21,104100,0.18816309315462906,10.367439724280064,104.0,5.183719862140032
0:25:25,104400,0.18934069665769737,6.011522806423045,104.0,3.0057614032115225
0:25:29,104700,0.18885851450264454,6.715596831170581,104.0,3.3577984155852905
0:25:32,105000,0.18861176259815693,8.266898530643937,104.0,4.1334492653219685
0:25:35,105300,0.188861877049009,10.252024928564447,104.0,5.126012464282224
0:25:39,105600,0.18807413550714652,10.114451622856802,104.0,5.057225811428401
0:25:44,105900,0.18937797548870244,8.115863355199348,104.0,4.057931677599674
0:25:49,106200,0.188750322808822,7.018011753540759,104.0,3.5090058767703796
0:25:53,106500,0.188959132929643,7.492710821066896,104.0,3.746355410533448
0:25:58,106800,0.1892216737444202,7.967040392903153,104.0,3.983520196451576
0:26:03,107100,0.1881070021043221,5.6961036131126095,104.0,2.8480518065563047
0:26:08,107400,0.18718812262018522,6.532746578949206,104.0,3.2663732894746027
0:26:13,107700,0.18714678426583609,7.107744404084178,104.0,3.553872202042089
0:26:18,108000,0.1894833209613959,9.264098268148496,104.0,4.632049134074248
0:26:23,108300,0.18773649501303832,8.950027100612022,104.0,4.475013550306011
0:26:27,108600,0.18669400783876577,6.264962114320156,104.0,3.1324810571600774
0:26:32,108900,0.1885087165236473,4.45266919650827,104.0,2.226334598254135
0:26:36,109200,0.18769318483769892,7.900585467655935,104.0,3.9502927338279674
0:26:41,109500,0.18732904702425002,8.397268635215857,104.0,4.198634317607929
0:26:47,109800,0.18654894883433978,8.903934825845521,104.0,4.451967412922761
0:26:52,110100,0.18803932989637057,6.1664918498439985,104.0,3.0832459249219992
0:26:57,110400,0.1882542633265257,8.718160547768866,104.0,4.359080273884433
0:27:02,110700,0.18771806826194126,8.111602619820996,104.0,4.055801309910498
0:27:07,111000,0.1865024673442046,6.4997169388586595,104.0,3.24985846942933
0:27:12,111300,0.18740367283423742,8.794370001910613,104.0,4.397185000955306
0:27:18,111600,0.18613259149094422,8.81315422938236,104.0,4.40657711469118
0:27:21,111900,0.18627954398592314,8.401118109376238,104.0,4.200559054688119
0:27:25,112200,0.18690226336320243,9.203870215973485,104.0,4.601935107986742
0:27:28,112500,0.18619479782879353,12.496920129850196,104.0,6.248460064925098
0:27:33,112800,0.18690809903045497,5.181719297620828,104.0,2.590859648810414
0:27:38,113100,0.18660360808173815,6.331591447945766,104.0,3.1657957239728836
0:27:41,113400,0.1860363208502531,11.037209964934254,104.0,5.518604982467127
0:27:45,113700,0.18516754167775312,4.98492966695901,104.0,2.492464833479505
0:27:49,114000,0.18748943502704302,11.344648991618499,104.0,5.672324495809249
0:27:53,114300,0.18709181836495797,6.915559391877116,104.0,3.457779695938558
0:27:58,114600,0.18611060154934725,8.828900383960683,104.0,4.414450191980341
0:28:03,114900,0.18635049760341643,5.356511944363149,104.0,2.6782559721815744
0:28:08,115200,0.18527578962345917,6.293339020219889,104.0,3.1466695101099442
0:28:13,115500,0.1867695344487826,7.070013416537518,104.0,3.5350067082687593
0:28:18,115800,0.18630315442879994,10.188120343234266,104.0,5.094060171617133
0:28:21,116100,0.18507535936931768,6.648150319481578,104.0,3.324075159740789
0:28:25,116400,0.1857727881272634,8.906003108459766,104.0,4.453001554229883
0:28:29,116700,0.18553152114152907,15.002927544867498,104.0,7.501463772433749
0:28:33,117000,0.1866465395440658,9.714898841791229,104.0,4.857449420895614
0:28:37,117300,0.18610955875366927,10.005424161009705,104.0,5.002712080504852
0:28:41,117600,0.18628349686662357,10.308560328639976,104.0,5.154280164319988
0:28:46,117900,0.18622843290368715,7.877914575489308,104.0,3.938957287744654
0:28:51,118200,0.1845458239565293,12.168749130469973,104.0,6.084374565234986
0:28:55,118500,0.1857042406996091,12.565607690946376,104.0,6.282803845473188
0:29:00,118800,0.18499092233677705,8.804749764155861,104.0,4.402374882077931
0:29:03,119100,0.1846811605244875,13.839685890577424,104.0,6.919842945288712
0:29:06,119400,0.18457511320710182,10.38959955779652,104.0,5.19479977889826
0:29:10,119700,0.1865601735562086,8.39356336131425,104.0,4.196781680657125
0:29:15,120000,0.18463529651363692,4.986956820530213,104.0,2.4934784102651064
0:29:20,120300,0.18435177888721227,5.3448166017584295,104.0,2.6724083008792148
0:29:24,120600,0.1854066210736831,13.316931692708021,104.0,6.65846584635401
0:29:28,120900,0.18492334485054016,12.316745477624284,104.0,6.158372738812142
0:29:31,121200,0.18529623913268248,4.566254685245189,104.0,2.2831273426225946
0:29:34,121500,0.1855490360905727,13.270048685441918,104.0,6.635024342720959
0:29:39,121800,0.18503519237041474,7.717315862036844,104.0,3.8586579310184224
0:29:44,122100,0.18492455470065275,8.110913583724255,104.0,4.055456791862127
0:29:47,122400,0.18479526323576767,14.22088989103836,104.0,7.1104449455191805
0:29:51,122700,0.18430441588163377,7.463339104192937,104.0,3.7316695520964687
0:29:55,123000,0.1853852699448665,11.695590532056292,104.0,5.847795266028146
0:30:00,123300,0.18476024617751438,6.543341245277906,104.0,3.271670622638953
0:30:04,123600,0.18398060008883477,5.417056946926186,104.0,2.708528473463093
0:30:07,123900,0.18462681430081526,8.534649758927776,104.0,4.267324879463888
0:30:11,124200,0.1851541030158599,10.595140462779387,104.0,5.2975702313896935
0:30:14,124500,0.18566268308709066,4.0629341583885665,104.0,2.0314670791942833
0:30:18,124800,0.18368383650978407,5.038397498815709,104.0,2.5191987494078547
0:30:21,125100,0.18436594896018504,9.07175642066984,104.0,4.53587821033492
0:30:25,125400,0.18453681563337643,11.018791348346303,104.0,5.509395674173152
0:30:30,125700,0.18343028619885446,4.2714770131731825,104.0,2.1357385065865913
0:30:34,126000,0.18536388414601485,10.839901906496902,104.0,5.419950953248451
0:30:39,126300,0.18399982539316018,12.933928885852628,104.0,6.466964442926313
0:30:43,126600,0.1832271191974481,8.226302132362013,104.0,4.113151066181007
0:30:46,126900,0.18384901794294517,9.145241987199745,104.0,4.572620993599872
0:30:50,127200,0.1834109103679657,8.228223421888993,104.0,4.1141117109444965
0:30:54,127500,0.18293141432106494,8.026399982107625,104.0,4.0131999910538125
0:30:59,127800,0.18424612291157247,7.726847107359174,104.0,3.8634235536795876
0:31:04,128100,0.18329769692073267,8.551560324886703,104.0,4.275780162443351
0:31:09,128400,0.18479598201811315,4.895317937438892,104.0,2.447658968719446
0:31:13,128700,0.1841157508144776,6.399490716744163,104.0,3.199745358372082
0:31:18,129000,0.1834271204471588,6.944752263171187,104.0,3.4723761315855937
0:31:21,129300,0.18349274049202602,12.80307289038675,104.0,6.401536445193375
0:31:26,129600,0.18334473761419456,8.361940685460604,104.0,4.180970342730302
0:31:31,129900,0.18417024224996567,7.171570116076998,104.0,3.585785058038499
0:31:34,130200,0.18275104992091656,8.38278288348506,104.0,4.19139144174253
0:31:38,130500,0.18403132264812788,7.058387438588136,104.0,3.529193719294068
0:31:43,130800,0.18227294323345025,6.950819614608451,104.0,3.4754098073042257
0:31:47,131100,0.1825707612062494,9.112927085624392,104.0,4.556463542812196
0:31:52,131400,0.18384993200500807,7.814201192745304,104.0,3.907100596372652
0:31:56,131700,0.18246871773153545,9.969544602198209,104.0,4.984772301099104
0:32:00,132000,0.18212824975450834,9.92585471237668,104.0,4.96292735618834
0:32:05,132300,0.18357409571607908,4.728046129960376,104.0,2.364023064980188
0:32:09,132600,0.1824841214219729,6.495932393810745,104.0,3.247966196905373
0:32:12,132900,0.18196539264172315,5.980471640752034,104.0,2.990235820376017
0:32:17,133200,0.18171419066687425,12.326690045676958,104.0,6.163345022838479
0:32:21,133500,0.18303647490839164,10.44819117885736,104.0,5.22409558942868
0:32:27,133800,0.18248036513725915,10.560217848803314,104.0,5.280108924401657
0:32:32,134100,0.18196785620103278,7.997872198533424,104.0,3.998936099266712
0:32:37,134400,0.18319973465055228,10.14328845696707,104.0,5.071644228483535
0:32:41,134700,0.1821210565045476,6.937176723456662,104.0,3.468588361728331
0:32:44,135000,0.18206474964817365,10.804387093723154,104.0,5.402193546861577
0:32:47,135300,0.18219417655219636,9.56770336584051,104.0,4.783851682920255
0:32:51,135600,0.18208895335594813,9.388063292649838,104.0,4.694031646324919
0:32:54,135900,0.1820360453426838,11.040788888956353,104.0,5.5203944444781765
0:33:00,136200,0.18255395971238614,7.194173765710661,104.0,3.5970868828553306
0:33:05,136500,0.1818543071548144,7.952926010112037,104.0,3.976463005056018
0:33:09,136800,0.18250230493644873,11.330310116943906,104.0,5.665155058471953
0:33:13,137100,0.1812124639004469,4.03505831326911,104.0,2.017529156634555
0:33:17,137400,0.18209063448011875,4.836010734130866,104.0,2.418005367065433
0:33:20,137700,0.1818072633445263,4.794760726736524,104.0,2.397380363368262
0:33:23,138000,0.18299039197464784,7.89657375323269,104.0,3.948286876616345
0:33:26,138300,0.18149468106528124,5.285003829084599,104.0,2.6425019145422994
0:33:31,138600,0.1814397777368625,9.025571060637697,104.0,4.512785530318848
0:33:34,138900,0.18149966821074487,7.119859123505114,104.0,3.559929561752557
0:33:37,139200,0.18131319048504035,10.758502651968206,104.0,5.379251325984103
0:33:41,139500,0.1816339038312435,5.9236624350121705,104.0,2.9618312175060852
0:33:45,139800,0.1811154051621755,8.82220809766119,104.0,4.411104048830595
0:33:48,140100,0.18190951379636924,6.747225734957135,104.0,3.3736128674785677
0:33:52,140400,0.18068480813254914,8.824633954757918,104.0,4.412316977378959
0:33:55,140700,0.1811340288321177,2.8428593123728887,104.0,1.4214296561864443
0:33:59,141000,0.18216826930642127,6.19501415418298,104.0,3.09750707709149
0:34:02,141300,0.18019419888655344,2.9243403096631937,104.0,1.4621701548315968
0:34:06,141600,0.18056335526208084,6.498292188565813,104.0,3.2491460942829065
0:34:11,141900,0.18065380131204922,8.01712268647501,104.0,4.008561343237505
0:34:16,142200,0.1802129592994849,10.66369600164578,104.0,5.33184800082289
0:34:20,142500,0.18327659532427787,3.6636925313587994,104.0,1.8318462656794
0:34:23,142800,0.17969306839009125,6.053988165316616,104.0,3.026994082658308
0:34:27,143100,0.18061293823023636,7.6668932409490935,104.0,3.8334466204745468
0:34:30,143400,0.18032896968225637,11.307866477126094,104.0,5.653933238563047
0:34:33,143700,0.18035108500470717,8.139940357612307,104.0,4.0699701788061535
0:34:37,144000,0.18198903890947501,5.695380440850476,104.0,2.847690220425238
0:34:41,144300,0.1802179388453563,1.0068831121242852,104.0,0.5034415560621426
0:34:46,144600,0.1808103837321202,5.353272521612712,104.0,2.676636260806356
0:34:51,144900,0.1814875473578771,6.0113273162605765,104.0,3.0056636581302882
0:34:55,145200,0.17978860740860303,8.400391161567644,104.0,4.200195580783822
0:34:58,145500,0.18024324928720792,8.038144470056363,104.0,4.019072235028181
0:35:01,145800,0.1813702588280042,7.105769770211611,104.0,3.552884885105806
0:35:06,146100,0.17933374437193075,7.536927874099581,104.0,3.7684639370497903
0:35:10,146400,0.18121555827558042,3.7330602047039974,104.0,1.8665301023519987
0:35:14,146700,0.1791329545279344,6.049578013398138,104.0,3.024789006699069
0:35:18,147000,0.18080492839217185,-1.8380861915993023,104.0,-0.9190430957996512
0:35:21,147300,0.17977782207230728,-1.4672018876634525,104.0,-0.7336009438317262
0:35:24,147600,0.1804598914210995,5.780901400697951,104.0,2.8904507003489757
0:35:29,147900,0.17952845752239227,3.5286873080399346,104.0,1.764343654019967
0:35:33,148200,0.1800116387133797,-0.2818222089425376,104.0,-0.1409111044712688
0:35:38,148500,0.18113568633794785,5.3143536908656985,104.0,2.6571768454328493
0:35:43,148800,0.17986998861034711,-3.3868955681989745,104.0,-1.6934477840994875
0:35:49,149100,0.17975560072809457,-0.8749119488485804,104.0,-0.4374559744242902
0:35:52,149400,0.17978512411316236,1.763210591992913,104.0,0.8816052959964565
0:35:55,149700,0.17873131960630417,6.204893484579509,104.0,3.1024467422897546
0:36:00,150000,0.180013656715552,5.066181946833899,104.0,2.5330909734169493
